"","Region","Code","Area","Pct_Remain","Pct_Leave","Area.x","Mean","Median","Area.y","NoQualification","UniQualification","Area.y.y","Fluent","Matched","Con","Lab","LD","UKIP","Green","BNP","SNP","Won"
"1","East","E06000031","Peterborough",39.11,60.89,"Peterborough","36.91632","35","Peterborough",25,20,"Peterborough",84,"Peterborough City Council",11744,11526,2089,15379,2597,427,NA,"UKIP"
"2","East","E06000032","Luton",43.45,56.55,"Luton","34.75405","32","Luton",24,22,"Luton",79,"Luton Borough Council",6476,16847,1572,10978,1946,428,NA,"Lab"
"3","East","E06000033","Southend-on-Sea",41.92,58.08,"Southend-on-Sea","40.18441","40","Southend-on-Sea",25,22,"Southend-on-Sea",95,NA,NA,NA,NA,NA,NA,NA,NA,NA
"4","East","E06000034","Thurrock",27.72,72.28,"Thurrock","36.83433","36","Thurrock",26,17,"Thurrock",94,"Thurrock Borough Council",7387,8645,637,17416,1293,623,NA,"UKIP"
"5","East","E06000055","Bedford",48.22,51.78,"Bedford","38.91516","39","Bedford",20,28,"Bedford",89,"Bedford Borough Council",11448,9603,3266,11470,2836,311,NA,"UKIP"
"6","East","E06000056","Central Bedfordshire",43.87,56.13,"Central Bedfordshire","39.64802","40","Central Bedfordshire",19,27,"Central Bedfordshire",97,"Central Bedfordshire",20967,9623,3534,24509,5019,507,NA,"UKIP"
"7","East","E07000008","Cambridge",73.85,26.15,"Cambridge","35.56456","31","Cambridge",12,47,"Cambridge",83,"Cambridge City Council",5883,10356,7866,4585,7381,122,NA,"Lab"
"8","East","E07000009","East Cambridgeshire",49.08,50.92,"East Cambridgeshire","40.19086","40","East Cambridgeshire",21,29,"East Cambridgeshire",96,NA,NA,NA,NA,NA,NA,NA,NA,NA
"9","East","E07000010","Fenland",28.61,71.39,"Fenland","42.06939","43","Fenland",31,15,"Fenland",94,"Fenland District Council",6682,2520,778,10951,976,236,NA,"UKIP"
"10","East","E07000011","Huntingdonshire",45.76,54.24,"Huntingdonshire","39.91671","41","Huntingdonshire",19,28,"Huntingdonshire",96,"Huntingdonshire District Council",15335,4587,3589,16765,3397,239,NA,"UKIP"
"11","East","E07000012","South Cambridgeshire",60.23,39.77,"South Cambridgeshire","40.08003","41","South Cambridgeshire",15,40,"South Cambridgeshire",95,NA,NA,NA,NA,NA,NA,NA,NA,NA
"12","East","E07000066","Basildon",31.38,68.62,"Basildon","39.06526","39","Basildon",27,19,"Basildon",97,"Basildon District Council",10202,7301,1233,18926,2032,564,NA,"UKIP"
"13","East","E07000067","Braintree",38.87,61.13,"Braintree","40.01403","41","Braintree",23,22,"Braintree",97,"Braintree District Council",11055,5506,1458,14641,3108,307,NA,"UKIP"
"14","East","E07000068","Brentwood",40.85,59.15,"Brentwood","41.63916","43","Brentwood",19,31,"Brentwood",97,"Brentwood Borough Council",7469,2349,1883,8521,1439,194,NA,"UKIP"
"15","East","E07000069","Castle Point",27.3,72.7,"Castle Point","43.18186","45","Castle Point",30,15,"Castle Point",99,"Castle Point Borough Council",6159,2994,439,11391,1151,346,NA,"UKIP"
"16","East","E07000070","Chelmsford",47.17,52.83,"Chelmsford","40.05206","40","Chelmsford",19,29,"Chelmsford",97,"Chelmsford Borough Council",13714,5285,3790,16065,3162,234,NA,"UKIP"
"17","East","E07000071","Colchester",46.4,53.6,"Colchester","38.89722","38","Colchester",19,27,"Colchester",94,"Colchester Borough Council",12680,6715,5049,14489,4543,294,NA,"UKIP"
"18","East","E07000072","Epping Forest",37.31,62.69,"Epping Forest","41.08944","42","Epping Forest",24,25,"Epping Forest",96,"Epping Forest District Council",10742,3915,1709,13866,2301,390,NA,"UKIP"
"19","East","E07000073","Harlow",31.9,68.1,"Harlow","38.20165","37","Harlow",26,18,"Harlow",94,"Harlow Council",4319,5386,572,8101,1001,244,NA,"UKIP"
"20","East","E07000074","Maldon",37.42,62.58,"Maldon","43.02382","45","Maldon",23,24,"Maldon",99,"Maldon District Council",5599,1878,634,7078,1396,186,NA,"UKIP"
"21","East","E07000075","Rochford",33.39,66.61,"Rochford","42.32705","44","Rochford",24,20,"Rochford",99,"Rochford District Council",7021,2514,811,10324,1575,194,NA,"UKIP"
"22","East","E07000076","Tendring",30.5,69.5,"Tendring","45.70375","48","Tendring",34,16,"Tendring",99,"Tendring District Council",9981,5241,848,19398,2604,410,NA,"UKIP"
"23","East","E07000077","Uttlesford",49.32,50.68,"Uttlesford","40.56175","42","Uttlesford",18,32,"Uttlesford",97,"Uttlesford District Council",8227,2211,2164,7295,2017,164,NA,"Con"
"24","East","E07000095","Broxbourne",33.74,66.26,"Broxbourne","39.12514","39","Broxbourne",26,19,"Broxbourne",94,"Broxbourne Borough Council",7209,3353,598,9489,972,273,NA,"UKIP"
"25","East","E07000096","Dacorum",49.33,50.67,"Dacorum","39.41183","40","Dacorum",19,31,"Dacorum",96,"Dacorum Borough Council",11688,5849,2977,11102,3222,247,NA,"Con"
"26","East","E07000098","Hertsmere",49.16,50.84,"Hertsmere","39.35615","39","Hertsmere",19,31,"Hertsmere",93,"Hertsmere Borough Council",9918,4604,1266,7653,1582,185,NA,"Con"
"27","East","E07000099","North Hertfordshire",54.37,45.63,"North Hertfordshire","40.18275","40","North Hertfordshire",18,34,"North Hertfordshire",96,NA,NA,NA,NA,NA,NA,NA,NA,NA
"28","East","E07000102","Three Rivers",48.73,51.27,"Three Rivers","40.02636","41","Three Rivers",18,34,"Three Rivers",95,"Three Rivers District Council",8478,3275,3332,7386,1703,188,NA,"Con"
"29","East","E07000103","Watford",49.73,50.27,"Watford","36.45739","35","Watford",17,32,"Watford",86,"Watford Borough Council",5313,6580,3762,5990,1855,230,NA,"Lab"
"30","East","E07000143","Breckland",35.78,64.22,"Breckland","42.63489","44","Breckland",28,19,"Breckland",95,"Breckland District Council",9859,4420,1211,14393,2741,238,NA,"UKIP"
"31","East","E07000144","Broadland",45.63,54.37,"Broadland","43.90215","45","Broadland",23,23,"Broadland",99,"Broadland District Council",10313,5288,2142,12900,3415,186,NA,"UKIP"
"32","East","E07000145","Great Yarmouth",28.5,71.5,"Great Yarmouth","42.08533","43","Great Yarmouth",33,14,"Great Yarmouth",96,"Great Yarmouth Borough Council",5871,5429,463,11786,1325,266,NA,"UKIP"
"33","East","E07000146","King's Lynn and West Norfolk",33.6,66.4,"King's Lynn and West Norfolk","43.47342","45","King's Lynn and West Norfolk",29,19,"King's Lynn and West Norfolk",96,NA,NA,NA,NA,NA,NA,NA,NA,NA
"34","East","E07000147","North Norfolk",41.09,58.91,"North Norfolk","47.48964","51","North Norfolk",27,22,"North Norfolk",99,"North Norfolk District Council",8423,3552,4432,12260,2829,183,NA,"UKIP"
"35","East","E07000148","Norwich",56.24,43.76,"Norwich","37.41697","34","Norwich",23,28,"Norwich",92,"Norwich City Council",5578,11378,2841,8066,9210,252,NA,"Lab"
"36","East","E07000149","South Norfolk",48.31,51.69,"South Norfolk","43.00516","45","South Norfolk",23,27,"South Norfolk",98,"South Norfolk Council",12168,4968,2664,11898,4399,226,NA,"Con"
"37","East","E07000200","Babergh",45.81,54.19,"Babergh","43.11187","45","Babergh",23,26,"Babergh",98,"Babergh District Council",8235,3465,1757,9217,2698,123,NA,"UKIP"
"38","East","E07000201","Forest Heath",35.03,64.97,"Forest Heath","38.75003","37","Forest Heath",26,19,"Forest Heath",95,"Forest Heath District Council",3587,1410,426,5814,762,110,NA,"UKIP"
"39","East","E07000202","Ipswich",41.74,58.26,"Ipswich","38.02066","36","Ipswich",26,21,"Ipswich",92,"Ipswich Borough Council",7516,9856,1628,10603,2700,307,NA,"UKIP"
"40","East","E07000203","Mid Suffolk",44.77,55.23,"Mid Suffolk","42.43697","44","Mid Suffolk",22,26,"Mid Suffolk",99,"Mid Suffolk District Council",9355,3291,1608,9708,3784,174,NA,"UKIP"
"41","East","E07000204","St Edmundsbury",43.38,56.62,"St Edmundsbury","40.95639","41","St Edmundsbury",22,25,"St Edmundsbury",96,"St Edmundsbury Borough Council",9225,3971,1504,10821,2903,216,NA,"UKIP"
"42","East","E07000205","Suffolk Coastal",47,53,"Suffolk Coastal","44.15615","46","Suffolk Coastal",21,29,"Suffolk Coastal",98,"Suffolk Coastal District Council",12987,5249,2718,12379,4016,230,NA,"Con"
"43","East","E07000206","Waveney",37.1,62.9,"Waveney","43.85141","45","Waveney",30,18,"Waveney",98,"Waveney District Council",7793,6828,846,11461,2803,233,NA,"UKIP"
"44","East","E07000240","St Albans",62.71,37.29,NA,NA,NA,NA,NA,NA,NA,NA,"St Albans City Council",15123,8164,6306,9672,4443,166,NA,"Con"
"45","East","E07000241","Welwyn Hatfield",47.01,52.99,NA,NA,NA,NA,NA,NA,NA,NA,"Welwyn Hatfield Council",9294,5443,1837,8530,2075,254,NA,"Con"
"46","East","E07000242","East Hertfordshire",49.64,50.36,NA,NA,NA,NA,NA,NA,NA,NA,NA,NA,NA,NA,NA,NA,NA,NA,NA
"47","East","E07000243","Stevenage",40.75,59.25,NA,NA,NA,NA,NA,NA,NA,NA,"Stevenage Borough Council",4922,6766,1220,7563,1318,203,NA,"UKIP"
"48","East Midlands","E06000015","Derby",42.78,57.22,"Derby","37.61231","36","Derby",24,24,"Derby",90,"Derby City Council",12442,18958,4944,18024,3125,1012,NA,"Lab"
"49","East Midlands","E06000016","Leicester",51.08,48.92,"Leicester","34.80327","31","Leicester",29,21,"Leicester",72,"Leicester City Council",10290,37344,2620,12823,4390,1305,NA,"Lab"
"50","East Midlands","E06000017","Rutland",49.43,50.57,"Rutland","42.36702","43","Rutland",18,33,"Rutland",98,"Rutland County Council",3981,1096,783,3210,803,107,NA,"Con"
"51","East Midlands","E06000018","Nottingham",49.16,50.84,"Nottingham","34.78955","30","Nottingham",26,22,"Nottingham",87,"Nottingham City Council",8987,23631,2451,14558,5531,1183,NA,"Lab"
"52","East Midlands","E07000032","Amber Valley",39.72,60.28,"Amber Valley","41.84085","43","Amber Valley",27,23,"Amber Valley",99,"Amber Valley",9662,9359,1318,11590,1983,841,NA,"UKIP"
"53","East Midlands","E07000033","Bolsover",29.17,70.83,"Bolsover","40.96935","42","Bolsover",33,16,"Bolsover",98,"Bolsover",2067,5810,353,5657,613,442,NA,"Lab"
"54","East Midlands","E07000034","Chesterfield",39.96,60.04,"Chesterfield","41.40656","42","Chesterfield",28,21,"Chesterfield",98,"Chesterfield",3183,9138,2440,7537,1292,439,NA,"Lab"
"55","East Midlands","E07000035","Derbyshire Dales",48.44,51.56,"Derbyshire Dales","44.53302","47","Derbyshire Dales",22,33,"Derbyshire Dales",99,"Derbyshire Dales Dc",7768,3918,1557,6291,2182,246,NA,"Con"
"56","East Midlands","E07000036","Erewash",38.77,61.23,"Erewash","40.7713","41","Erewash",26,21,"Erewash",99,"Erewash",7661,7694,981,9775,1457,534,NA,"UKIP"
"57","East Midlands","E07000037","High Peak",49.45,50.55,"High Peak","41.06343","43","High Peak",21,29,"High Peak",99,"High Peak",6043,6422,1446,7080,2710,305,NA,"UKIP"
"58","East Midlands","E07000038","North East Derbyshire",37.22,62.78,"North East Derbyshire","43.2683","45","North East Derbyshire",27,22,"North East Derbyshire",99,"North East Derbyshire",5350,7603,910,8583,1218,451,NA,"UKIP"
"59","East Midlands","E07000039","South Derbyshire",39.65,60.35,"South Derbyshire","39.50237","40","South Derbyshire",22,26,"South Derbyshire",98,"South Derbyshire District Council",7092,5675,826,8406,1064,436,NA,"UKIP"
"60","East Midlands","E07000129","Blaby",40.53,59.47,"Blaby","40.85574","42","Blaby",22,25,"Blaby",97,"Blaby",7158,4014,1140,8649,1355,414,NA,"UKIP"
"61","East Midlands","E07000130","Charnwood",46.19,53.81,"Charnwood","39.33349","39","Charnwood",21,27,"Charnwood",94,"Charnwood",12248,9400,1915,12426,2671,696,NA,"UKIP"
"62","East Midlands","E07000131","Harborough",49.25,50.75,"Harborough","41.55869","43","Harborough",18,32,"Harborough",98,"Harborough",9234,3015,1962,7494,1627,269,NA,"Con"
"63","East Midlands","E07000132","Hinckley and Bosworth",39.67,60.33,"Hinckley and Bosworth","41.71157","43","Hinckley and Bosworth",24,24,"Hinckley and Bosworth",98,"Hinckley & Bosworth Borough",7669,3777,3063,10084,1256,495,NA,"UKIP"
"64","East Midlands","E07000133","Melton",41.89,58.11,"Melton","41.72531","43","Melton",21,26,"Melton",98,"Melton Borough Council",4518,1636,637,4242,911,188,NA,"Con"
"65","East Midlands","E07000134","North West Leicestershire",39.3,60.7,"North West Leicestershire","40.80034","42","North West Leicestershire",26,24,"North West Leicestershire",98,"North West Leicestershire",6180,5234,1052,7955,1140,461,NA,"UKIP"
"66","East Midlands","E07000135","Oadby and Wigston",45.42,54.58,"Oadby and Wigston","41.00908","41","Oadby and Wigston",23,25,"Oadby and Wigston",92,NA,NA,NA,NA,NA,NA,NA,NA,NA
"67","East Midlands","E07000136","Boston",24.44,75.56,"Boston","41.51045","42","Boston",33,15,"Boston",87,"Boston",3661,1613,631,7570,445,214,NA,"UKIP"
"68","East Midlands","E07000137","East Lindsey",29.35,70.65,"East Lindsey","45.82035","49","East Lindsey",33,18,"East Lindsey",99,"East Lindsey Dc",10054,4479,1819,15733,1525,567,NA,"UKIP"
"69","East Midlands","E07000138","Lincoln",43.06,56.94,"Lincoln","37.35352","34","Lincoln",22,21,"Lincoln",94,"Lincoln",4357,5666,926,5712,1405,298,NA,"UKIP"
"70","East Midlands","E07000139","North Kesteven",37.74,62.26,"North Kesteven","42.68263","44","North Kesteven",22,25,"North Kesteven",98,"North Kesteven District Council",8627,3313,1440,10189,1411,294,NA,"UKIP"
"71","East Midlands","E07000140","South Holland",26.41,73.59,"South Holland","43.40679","45","South Holland",31,16,"South Holland",93,"South Holland",6303,1940,712,10408,769,387,NA,"UKIP"
"72","East Midlands","E07000141","South Kesteven",40.07,59.93,"South Kesteven","41.83578","43","South Kesteven",22,26,"South Kesteven",97,"South Kesteven District Council",11592,4628,1901,12350,1939,420,NA,"UKIP"
"73","East Midlands","E07000142","West Lindsey",38.18,61.82,"West Lindsey","43.13601","45","West Lindsey",23,25,"West Lindsey",99,"West Lindsey District Council",7247,3051,2080,8426,1247,305,NA,"UKIP"
"74","East Midlands","E07000150","Corby",35.75,64.25,"Corby","37.4638","37","Corby",28,15,"Corby",91,"Corby",2371,5658,396,5129,518,216,NA,"Lab"
"75","East Midlands","E07000151","Daventry",41.4,58.6,"Daventry","40.91335","43","Daventry",19,29,"Daventry",97,"Daventry",8654,2999,1108,7942,1333,263,NA,"Con"
"76","East Midlands","E07000152","East Northamptonshire",41.24,58.76,"East Northamptonshire","40.37093","42","East Northamptonshire",22,24,"East Northamptonshire",98,"East Northamptonshire Dc",7904,3700,1081,8708,1240,346,NA,"UKIP"
"77","East Midlands","E07000153","Kettering",39.01,60.99,"Kettering","39.45296","40","Kettering",23,23,"Kettering",96,"Kettering",7441,4685,913,8718,1169,332,NA,"UKIP"
"78","East Midlands","E07000154","Northampton",41.62,58.38,"Northampton","37.11433","36","Northampton",23,24,"Northampton",90,"Northampton Borough Council",12388,10886,2533,17096,3209,808,NA,"UKIP"
"79","East Midlands","E07000155","South Northamptonshire",45.66,54.34,"South Northamptonshire","41.08237","43","South Northamptonshire",17,31,"South Northamptonshire",99,"East Northamptonshire Dc",7904,3700,1081,8708,1240,346,NA,"UKIP"
"80","East Midlands","E07000156","Wellingborough",37.58,62.42,"Wellingborough","39.6378","40","Wellingborough",26,20,"Wellingborough",92,"Wellingborough Borough Council",5301,3828,648,6884,904,273,NA,"UKIP"
"81","East Midlands","E07000170","Ashfield",30.16,69.84,"Ashfield","39.95502","41","Ashfield",31,15,"Ashfield",98,"Ashfield",4109,7830,1973,9998,968,689,NA,"UKIP"
"82","East Midlands","E07000171","Bassetlaw",32.17,67.83,"Bassetlaw","41.5337","43","Bassetlaw",28,20,"Bassetlaw",97,"Bassetlaw",6030,9479,865,9401,990,529,NA,"Lab"
"83","East Midlands","E07000172","Broxtowe",45.35,54.65,"Broxtowe","41.35045","42","Broxtowe",23,28,"Broxtowe",96,"Broxtowe",7386,8118,1957,9488,2374,444,NA,"UKIP"
"84","East Midlands","E07000173","Gedling",44.45,55.55,"Gedling","41.42488","42","Gedling",24,25,"Gedling",98,"Gedling",7290,7867,1152,10085,1803,399,NA,"UKIP"
"85","East Midlands","E07000174","Mansfield",29.14,70.86,"Mansfield","40.23833","41","Mansfield",30,16,"Mansfield",96,"Mansfield",3629,6621,580,8761,811,444,NA,"UKIP"
"86","East Midlands","E07000175","Newark and Sherwood",39.61,60.39,"Newark and Sherwood","41.63494","43","Newark and Sherwood",25,24,"Newark and Sherwood",98,NA,NA,NA,NA,NA,NA,NA,NA,NA
"87","East Midlands","E07000176","Rushcliffe",57.55,42.45,"Rushcliffe","41.24096","42","Rushcliffe",16,39,"Rushcliffe",97,"Rushcliffe Borough Council",12282,6957,2373,8480,3363,317,NA,"Con"
"88","London","E09000001","City of London",75.29,24.71,NA,NA,NA,NA,NA,NA,NA,NA,"City of London",686,546,311,313,291,10,NA,"Con"
"89","London","E09000002","Barking and Dagenham",37.56,62.44,"Barking and Dagenham","33.43094","32","Barking and Dagenham",28,21,"Barking and Dagenham",81,"Barking and Dagenham",3728,22369,594,12759,1335,1151,NA,"Lab"
"90","London","E09000003","Barnet",62.23,37.77,"Barnet","36.81513","35","Barnet",16,40,"Barnet",77,"Barnet",32234,28774,4418,14039,7362,464,NA,"Con"
"91","London","E09000004","Bexley",37.05,62.95,"Bexley","38.81379","39","Bexley",23,22,"Bexley",94,"Bexley",17575,14142,1592,25642,3035,1184,NA,"UKIP"
"92","London","E09000005","Brent",59.74,40.26,"Brent","35.01982","32","Brent",19,33,"Brent",63,"Brent",13277,34451,7333,6414,5123,689,NA,"Lab"
"93","London","E09000006","Bromley",50.65,49.35,"Bromley","39.89845","40","Bromley",18,33,"Bromley",94,"Bromley",30573,14915,5420,29386,7590,625,NA,"Con"
"94","London","E09000007","Camden",74.94,25.06,"Camden","35.70132","33","Camden",13,51,"Camden",77,"Camden",11343,23294,5568,5337,8132,356,NA,"Lab"
"95","London","E09000008","Croydon",54.29,45.71,"Croydon","36.35381","35","Croydon",18,32,"Croydon",86,"Croydon",26687,32439,3768,19560,6829,1031,NA,"Lab"
"96","London","E09000009","Ealing",60.4,39.6,"Ealing","35.43642","33","Ealing",16,37,"Ealing",66,"Ealing",19108,43436,5476,10632,6997,841,NA,"Lab"
"97","London","E09000010","Enfield",55.82,44.18,"Enfield","35.8829","34","Enfield",23,29,"Enfield",77,"Enfield",17432,32091,2309,14271,5115,594,NA,"Lab"
"98","London","E09000011","Greenwich",55.59,44.41,"Greenwich","34.56843","33","Greenwich",21,33,"Greenwich",83,"Greenwich",10236,25788,2578,13341,5482,788,NA,"Lab"
"99","London","E09000012","Hackney",78.48,21.52,"Hackney","32.35318","30","Hackney",20,42,"Hackney",76,"Hackney",7367,35491,3707,3220,11608,311,NA,"Lab"
"100","London","E09000013","Hammersmith and Fulham",70.02,29.98,"Hammersmith and Fulham","34.73397","32","Hammersmith and Fulham",13,50,"Hammersmith and Fulham",77,"Hammersmith and Fulham",14473,15520,3020,5736,4451,272,NA,"Lab"
"101","London","E09000014","Haringey",75.57,24.43,"Haringey","34.16248","32","Haringey",18,41,"Haringey",70,"Haringey",7159,30757,7323,4515,9669,287,NA,"Lab"
"102","London","E09000015","Harrow",54.63,45.37,"Harrow","37.55818","36","Harrow",17,37,"Harrow",72,"Harrow",22388,25444,2692,10036,3859,640,NA,"Lab"
"103","London","E09000016","Havering",30.34,69.66,"Havering","40.35905","40","Havering",26,19,"Havering",95,"Havering",19590,12331,1529,34560,3501,1355,NA,"UKIP"
"104","London","E09000017","Hillingdon",43.63,56.37,"Hillingdon","36.37698","35","Hillingdon",19,28,"Hillingdon",81,"Hillingdon",20022,21198,2456,19746,3695,932,NA,"Lab"
"105","London","E09000018","Hounslow",51.06,48.94,"Hounslow","35.24354","33","Hounslow",17,35,"Hounslow",71,"Hounslow",14734,27747,2600,11443,4425,659,NA,"Lab"
"106","London","E09000019","Islington",75.22,24.78,"Islington","34.51397","31","Islington",17,48,"Islington",80,"Islington",6621,27328,5136,5652,9003,349,NA,"Lab"
"107","London","E09000020","Kensington and Chelsea",68.69,31.31,"Kensington and Chelsea","37.79165","36","Kensington and Chelsea",10,53,"Kensington and Chelsea",72,"Kensington and Chelsea",12344,6419,1948,4319,2389,156,NA,"Con"
"108","London","E09000021","Kingston upon Thames",61.61,38.39,"Kingston upon Thames","37.01358","35","Kingston upon Thames",13,41,"Kingston upon Thames",84,"Kingston upon Thames",14682,8094,8646,9570,4671,311,NA,"Con"
"109","London","E09000022","Lambeth",78.62,21.38,"Lambeth","33.7","31","Lambeth",14,47,"Lambeth",80,"Lambeth",10449,34471,6432,5767,11140,416,NA,"Lab"
"110","London","E09000023","Lewisham",69.86,30.14,"Lewisham","34.55285","33","Lewisham",18,38,"Lewisham",84,"Lewisham",8161,32507,4252,8720,10228,527,NA,"Lab"
"111","London","E09000024","Merton",62.94,37.06,"Merton","36.2861","34","Merton",15,41,"Merton",79,"Merton",14793,21832,3908,9498,4532,453,NA,"Lab"
"112","London","E09000025","Newham",52.84,47.16,"Newham","31.26153","29","Newham",21,30,"Newham",59,"Newham",12398,43582,1423,6216,3449,729,NA,"Lab"
"113","London","E09000026","Redbridge",53.97,46.03,"Redbridge","35.63186","34","Redbridge",18,34,"Redbridge",75,"Redbridge",19458,33528,3504,12965,4570,662,NA,"Lab"
"114","London","E09000027","Richmond upon Thames",69.29,30.71,"Richmond upon Thames","38.26487","38","Richmond upon Thames",11,53,"Richmond upon Thames",90,"Richmond upon Thames",21822,8276,12279,9714,7151,254,NA,"Con"
"115","London","E09000028","Southwark",72.81,27.19,"Southwark","33.72556","32","Southwark",16,43,"Southwark",80,"Southwark",9152,31591,9170,8035,9710,561,NA,"Lab"
"116","London","E09000029","Sutton",46.28,53.72,"Sutton","38.33777","38","Sutton",19,30,"Sutton",90,"Sutton",14810,7958,12104,16345,3668,612,NA,"UKIP"
"117","London","E09000030","Tower Hamlets",67.46,32.54,"Tower Hamlets","30.93429","29","Tower Hamlets",20,41,"Tower Hamlets",66,"Tower Hamlets",9647,43463,3379,7861,8679,835,NA,"Lab"
"118","London","E09000031","Waltham Forest",59.1,40.9,"Waltham Forest","34.44874","32","Waltham Forest",21,30,"Waltham Forest",74,"Waltham Forest",9442,28205,4416,10677,7078,583,NA,"Lab"
"119","London","E09000032","Wandsworth",75.03,24.97,"Wandsworth","34.47673","32","Wandsworth",12,54,"Wandsworth",83,"Wandsworth",29057,25853,6023,9164,8334,392,NA,"Con"
"120","London","E09000033","City of London, Westminster",68.97,31.03,NA,NA,NA,NA,NA,NA,NA,NA,NA,NA,NA,NA,NA,NA,NA,NA,NA
"121","North East","E06000001","Hartlepool",30.43,69.57,"Hartlepool","39.82945","40","Hartlepool",31,18,"Hartlepool",99,"Hartlepool",2991,5919,511,7432,782,376,NA,"UKIP"
"122","North East","E06000002","Middlesbrough",34.52,65.48,"Middlesbrough","37.78762","37","Middlesbrough",30,19,"Middlesbrough",95,"Middlesbrough",3718,8429,744,8695,967,403,NA,"UKIP"
"123","North East","E06000003","Redcar and Cleveland",33.81,66.19,"Redcar and Cleveland","41.51965","43","Redcar and Cleveland",28,19,"Redcar and Cleveland",99,NA,NA,NA,NA,NA,NA,NA,NA,NA
"124","North East","E06000004","Stockton-on-Tees",38.27,61.73,"Stockton-on-Tees","39.07663","39","Stockton-on-Tees",24,23,"Stockton-on-Tees",98,"Stockton-on-Tees",9960,12579,1732,13862,1635,649,NA,"UKIP"
"125","North East","E06000005","Darlington",43.82,56.18,"Darlington","40.2098","41","Darlington",25,24,"Darlington",97,"Darlington",6064,6542,1183,7097,1132,307,NA,"UKIP"
"126","North East","E06000047","County Durham",42.45,57.55,"County Durham","40.97188","42","County Durham",28,21,"County Durham",99,NA,NA,NA,NA,NA,NA,NA,NA,NA
"127","North East","E06000057","Northumberland",45.89,54.11,NA,NA,NA,NA,NA,NA,NA,NA,"Northumberland",19924,21737,7585,21485,4393,963,NA,"Lab"
"128","North East","E08000021","Newcastle upon Tyne",50.7,49.3,"Newcastle upon Tyne","36.90711","33","Newcastle upon Tyne",24,27,"Newcastle upon Tyne",91,"Newcastle upon Tyne",9230,25934,7066,15762,5364,1112,NA,"Lab"
"129","North East","E08000022","North Tyneside",46.6,53.4,"North Tyneside","40.94288","41","North Tyneside",24,25,"North Tyneside",98,"North Tyneside",11054,20923,2185,14412,2949,829,NA,"Lab"
"130","North East","E08000023","South Tyneside",37.95,62.05,"South Tyneside","41.1694","42","South Tyneside",28,19,"South Tyneside",98,"South Tyneside",4975,16614,876,11977,1626,926,NA,"Lab"
"131","North East","E08000024","Sunderland",38.66,61.34,"Sunderland","40.40563","41","Sunderland",29,18,"Sunderland",97,"Sunderland",10962,28899,1950,20593,2638,1139,NA,"Lab"
"132","North East","E08000037","Gateshead",43.15,56.85,NA,NA,NA,NA,NA,NA,NA,NA,"Gateshead",6086,22392,4183,14213,2644,861,NA,"Lab"
"133","North West","E06000006","Halton",42.58,57.42,"Halton","38.8502","39","Halton",27,18,"Halton",99,"Halton",3108,12096,821,7519,1423,475,NA,"Lab"
"134","North West","E06000007","Warrington",45.73,54.27,"Warrington","39.49586","40","Warrington",21,27,"Warrington",97,"Warrington",10782,16237,3898,15236,2875,685,NA,"Lab"
"135","North West","E06000008","Blackburn with Darwen",43.66,56.34,"Blackburn with Darwen","36.2338","35","Blackburn with Darwen",29,20,"Blackburn with Darwen",87,"Blackburn with Darwen",7159,17993,1099,9265,1521,961,NA,"Lab"
"136","North West","E06000009","Blackpool",32.54,67.46,"Blackpool","41.33272","42","Blackpool",31,16,"Blackpool",97,"Blackpool",7321,9243,815,11078,1531,1237,NA,"UKIP"
"137","North West","E06000049","Cheshire East",48.82,51.18,"Cheshire East","41.96989","43","Cheshire East",20,32,"Cheshire East",97,"Cheshire East",30893,16797,5937,27940,6976,1117,NA,"Con"
"138","North West","E06000050","Cheshire West and Chester",49.32,50.68,"Cheshire West and Chester","41.33889","42","Cheshire West and Chester",21,29,"Cheshire West and Chester",98,"Cheshire West and Chester",22239,19628,4690,23649,5772,918,NA,"UKIP"
"139","North West","E07000026","Allerdale",41.35,58.65,"Allerdale","43.12696","45","Allerdale",27,23,"Allerdale",99,"Allerdale",6017,7296,1328,7237,1634,637,NA,"Lab"
"140","North West","E07000027","Barrow-in-Furness",39.38,60.62,"Barrow-in-Furness","41.34733","42","Barrow-in-Furness",25,19,"Barrow-in-Furness",99,"Barrow-in-Furness",2437,4297,264,4096,627,176,NA,"Lab"
"141","North West","E07000028","Carlisle",39.86,60.14,"Carlisle","41.34703","42","Carlisle",25,22,"Carlisle",97,"Carlisle",8195,7314,1281,8580,1893,580,NA,"UKIP"
"142","North West","E07000029","Copeland",38,62,"Copeland","42.06713","44","Copeland",27,21,"Copeland",99,"Copeland",4570,5778,573,5351,742,522,NA,"Lab"
"143","North West","E07000030","Eden",46.68,53.32,"Eden","44.12301","46","Eden",23,27,"Eden",98,"Eden",4826,1378,2013,3362,1244,183,NA,"Con"
"144","North West","E07000031","South Lakeland",52.86,47.14,"South Lakeland","45.43461","48","South Lakeland",19,33,"South Lakeland",98,"South Lakeland",9507,3243,11401,7203,3151,324,NA,"LD"
"145","North West","E07000117","Burnley",33.39,66.61,"Burnley","39.35515","39","Burnley",29,19,"Burnley",94,"Burnley",2792,7343,3011,6266,834,803,NA,"Lab"
"146","North West","E07000118","Chorley",43.17,56.83,"Chorley","40.53112","41","Chorley",21,28,"Chorley",98,"Chorley",8484,10273,920,9438,1703,461,NA,"Lab"
"147","North West","E07000119","Fylde",43.04,56.96,"Fylde","44.93044","47","Fylde",21,30,"Fylde",98,"Fylde",7427,2983,894,7082,1627,304,NA,"Con"
"148","North West","E07000120","Hyndburn",33.81,66.19,"Hyndburn","38.72979","39","Hyndburn",28,19,"Hyndburn",94,"Hyndburn",4454,7173,360,7694,950,787,NA,"UKIP"
"149","North West","E07000121","Lancaster",48.92,51.08,"Lancaster","40.17263","40","Lancaster",21,27,"Lancaster",96,"Lancaster",8642,8657,1502,9341,5189,585,NA,"UKIP"
"150","North West","E07000122","Pendle",36.85,63.15,"Pendle","38.90371","39","Pendle",28,20,"Pendle",91,"Pendle",6548,7887,1685,6812,1183,880,NA,"Lab"
"151","North West","E07000123","Preston",46.69,53.31,"Preston","36.92838","35","Preston",23,25,"Preston",90,"Preston",7124,12119,1788,8599,2010,567,NA,"Lab"
"152","North West","E07000124","Ribble Valley",43.61,56.39,"Ribble Valley","42.52716","44","Ribble Valley",18,34,"Ribble Valley",99,"Ribble Valley",5176,1725,1423,5060,1104,191,NA,"Con"
"153","North West","E07000125","Rossendale",39.32,60.68,"Rossendale","39.64951","40","Rossendale",24,25,"Rossendale",97,"Rossendale",4635,5031,530,5800,1124,595,NA,"UKIP"
"154","North West","E07000126","South Ribble",41.44,58.56,"South Ribble","40.82741","42","South Ribble",20,26,"South Ribble",99,"South Ribble",7479,6687,1174,9674,1657,415,NA,"UKIP"
"155","North West","E07000127","West Lancashire",44.69,55.31,"West Lancashire","41.20287","42","West Lancashire",23,25,"West Lancashire",98,"West Lancashire",7617,9981,683,9185,1998,373,NA,"Lab"
"156","North West","E07000128","Wyre",36.23,63.77,"Wyre","44.72554","47","Wyre",26,23,"Wyre",99,"Wyre",9471,5922,721,10627,1640,570,NA,"UKIP"
"157","North West","E08000001","Bolton",41.71,58.29,"Bolton","38.4274","38","Bolton",26,22,"Bolton",92,"Bolton",13696,25608,2290,22983,3486,1534,NA,"Lab"
"158","North West","E08000002","Bury",45.88,54.12,"Bury","39.21553","40","Bury",23,26,"Bury",95,"Bury",11975,17201,2135,14162,3080,872,NA,"Lab"
"159","North West","E08000003","Manchester",60.36,39.64,"Manchester","33.21533","29","Manchester",23,29,"Manchester",83,"Manchester",9050,56521,7611,17476,13646,1790,NA,"Lab"
"160","North West","E08000004","Oldham",39.14,60.86,"Oldham","37.4315","37","Oldham",30,19,"Oldham",89,"Oldham",7244,21740,4830,16211,2371,1386,NA,"Lab"
"161","North West","E08000005","Rochdale",39.93,60.07,"Rochdale","37.91879","38","Rochdale",29,19,"Rochdale",92,"Rochdale",7872,20061,2600,15740,2548,1571,NA,"Lab"
"162","North West","E08000006","Salford",43.19,56.81,"Salford","37.35378","35","Salford",27,22,"Salford",93,"Salford",8006,18852,1391,15431,3565,1571,NA,"Lab"
"163","North West","E08000007","Stockport",52.33,47.67,"Stockport","40.76601","41","Stockport",21,30,"Stockport",97,"Stockport",17738,18553,12358,20833,6168,1233,NA,"UKIP"
"164","North West","E08000008","Tameside",38.86,61.14,"Tameside","39.10278","39","Tameside",28,18,"Tameside",95,"Tameside",8513,20367,1094,17208,3337,1335,NA,"Lab"
"165","North West","E08000009","Trafford",57.69,42.31,"Trafford","39.28137","39","Trafford",19,34,"Trafford",94,"Trafford",17744,19620,3979,13387,5275,791,NA,"Lab"
"166","North West","E08000010","Wigan",36.1,63.9,"Wigan","39.63527","40","Wigan",27,20,"Wigan",98,"Wigan",9526,27725,1400,22327,3556,1870,NA,"Lab"
"167","North West","E08000011","Knowsley",48.44,51.56,"Knowsley","39.10665","40","Knowsley",35,15,"Knowsley",99,"Knowsley",1834,18484,706,7448,1679,622,NA,"Lab"
"168","North West","E08000012","Liverpool",58.19,41.81,"Liverpool","37.67293","35","Liverpool",29,22,"Liverpool",94,"Liverpool",6892,50620,4884,20420,10049,1199,NA,"Lab"
"169","North West","E08000013","St. Helens",41.98,58.02,"St. Helens","40.7216","41","St. Helens",28,21,"St. Helens",99,"St Helens",5331,18814,1736,10673,2338,851,NA,"Lab"
"170","North West","E08000014","Sefton",51.87,48.13,"Sefton","42.53627","44","Sefton",25,24,"Sefton",98,"Sefton",11805,23746,6285,19758,4734,788,NA,"Lab"
"171","North West","E08000015","Wirral",51.7,48.3,"Wirral","41.35912","42","Wirral",23,25,"Wirral",98,"Wirral",17856,29070,3377,21781,6835,1067,NA,"Lab"
"172","Northern Ireland","N92000002","Northern Ireland",55.78,44.22,NA,NA,NA,NA,NA,NA,NA,NA,NA,NA,NA,NA,NA,NA,NA,NA,NA
"173","Scotland","S12000005","Clackmannanshire",57.78,42.22,"Clackmannanshire","40.3","41","Clackmannanshire",29,22,"Clackmannanshire",89,"CLACKMANNANSHIRE",1624,3825,443,1218,736,100,4074,"SNP"
"174","Scotland","S12000006","Dumfries & Galloway",53.06,46.94,"Dumfries & Galloway","43.6","46","Dumfries & Galloway",33,22,"Dumfries & Galloway",88,"DUMFRIES & GALLOWAY",14143,8909,1808,5752,2418,363,8634,"Con"
"175","Scotland","S12000008","East Ayrshire",58.6,41.4,"East Ayrshire","40.9","42","East Ayrshire",34,18,"East Ayrshire",88,"EAST AYRSHIRE",3955,9274,629,2753,1304,251,9320,"SNP"
"176","Scotland","S12000010","East Lothian",64.6,35.4,"East Lothian","41","42","East Lothian",25,27,"East Lothian",91,"EAST LOTHIAN",5807,8145,1586,2756,2250,137,6781,"Lab"
"177","Scotland","S12000011","East Renfrewshire",74.32,25.68,"East Renfrewshire","41","43","East Renfrewshire",19,35,"East Renfrewshire",93,"EAST RENFREWSHIRE",8044,7623,1191,2949,2031,125,6564,"Con"
"178","Scotland","S12000013","Eilean Siar",55.24,44.76,"Eilean Siar","43.7","46","Eilean Siar",30,26,"Eilean Siar",90,"WESTERN ISLES - COMHAIRLE NAN EILEAN SIAR",761,1842,243,847,500,66,3310,"SNP"
"179","Scotland","S12000014","Falkirk",56.76,43.24,"Falkirk","40.1","41","Falkirk",27,20,"Falkirk",89,"FALKIRK",4038,10343,859,4360,2046,354,11542,"SNP"
"180","Scotland","S12000015","Fife",58.59,41.41,"Fife","40.8","42","Fife",26,24,"Fife",89,"FIFE",12460,28101,7956,9515,5975,640,25660,"Lab"
"181","Scotland","S12000017","Highland",55.95,44.05,"Highland","41.9","44","Highland",25,26,"Highland",90,"HIGHLAND",9088,9163,12189,7818,5615,435,19810,"SNP"
"182","Scotland","S12000018","Inverclyde",63.8,36.2,"Inverclyde","41.5","43","Inverclyde",33,20,"Inverclyde",91,"INVERCLYDE",2878,7286,973,1887,929,143,5842,"Lab"
"183","Scotland","S12000019","Midlothian",62.06,37.94,"Midlothian","40.4","42","Midlothian",29,21,"Midlothian",90,"MIDLOTHIAN",2908,6893,1142,2361,1903,176,6386,"Lab"
"184","Scotland","S12000020","Moray",50.13,49.87,"Moray","41.2","42","Moray",27,23,"Moray",87,"MORAY",5471,2955,1205,3064,1609,200,7641,"SNP"
"185","Scotland","S12000021","North Ayrshire",56.88,43.12,"North Ayrshire","41.6","43","North Ayrshire",31,20,"North Ayrshire",90,"NORTH AYRSHIRE",5627,9558,855,3720,1770,299,10736,"SNP"
"186","Scotland","S12000023","Orkney Islands",63.16,36.84,"Orkney Islands","42.6","45","Orkney Islands",28,27,"Orkney Islands",87,"ORKNEY ISLANDS",679,466,1825,618,619,35,872,"LD"
"187","Scotland","S12000024","Perth & Kinross",61.09,38.91,"Perth & Kinross","42.6","44","Perth & Kinross",23,30,"Perth & Kinross",90,"PERTH & KINROSS",12906,4890,3377,4386,2723,213,14271,"SNP"
"188","Scotland","S12000026","Scottish Borders",58.47,41.53,"Scottish Borders","43.5","46","Scottish Borders",28,27,"Scottish Borders",89,"SCOTTISH BORDERS",9972,3363,5465,4058,2459,224,6775,"Con"
"189","Scotland","S12000027","Shetland Islands",56.51,43.49,"Shetland Islands","40.1","41","Shetland Islands",24,27,"Shetland Islands",85,"SHETLAND ISLANDS",543,590,1755,616,638,40,897,"LD"
"190","Scotland","S12000028","South Ayrshire",58.96,41.04,"South Ayrshire","43.5","45","South Ayrshire",29,25,"South Ayrshire",91,"SOUTH AYRSHIRE",9848,7226,975,3339,1550,239,8787,"Con"
"191","Scotland","S12000029","South Lanarkshire",63.08,36.92,"South Lanarkshire","40.7","42","South Lanarkshire",29,22,"South Lanarkshire",90,"SOUTH LANARKSHIRE",10261,24871,2635,8186,4452,694,21915,"Lab"
"192","Scotland","S12000030","Stirling",67.72,32.28,"Stirling","40.2","41","Stirling",21,33,"Stirling",90,"STIRLING",5568,5651,1435,2201,2640,127,7258,"SNP"
"193","Scotland","S12000033","Aberdeen City",61.1,38.9,"Aberdeen City","38.7","36","Aberdeen City",20,33,"Aberdeen City",87,"ABERDEEN CITY",9824,12420,4605,5025,3723,375,15412,"SNP"
"194","Scotland","S12000034","Aberdeenshire",55.01,44.99,"Aberdeenshire","40.4","42","Aberdeenshire",24,27,"Aberdeenshire",86,"ABERDEENSHIRE",15710,6402,8876,7420,3612,576,19802,"SNP"
"195","Scotland","S12000035","Argyll & Bute",60.57,39.43,"Argyll & Bute","43.9","46","Argyll & Bute",25,29,"Argyll & Bute",91,"ARGYLL & BUTE",5191,3695,5174,3030,1912,195,7792,"SNP"
"196","Scotland","S12000036","Edinburgh, City of",74.44,25.56,"Edinburgh, City of","38.5","36","Edinburgh, City of",17,41,"Edinburgh, City of",89,NA,NA,NA,NA,NA,NA,NA,NA,NA
"197","Scotland","S12000038","Renfrewshire",64.81,35.19,"Renfrewshire","40.6","42","Renfrewshire",28,23,"Renfrewshire",90,"RENFREWSHIRE",5777,16021,1508,4748,2810,363,13499,"Lab"
"198","Scotland","S12000039","West Dunbartonshire",61.99,38.01,"West Dunbartonshire","40.3","41","West Dunbartonshire",33,17,"West Dunbartonshire",90,"WEST DUNBARTONSHIRE",1624,7631,379,2113,1339,147,6468,"Lab"
"199","Scotland","S12000040","West Lothian",58.25,41.75,"West Lothian","38.2","39","West Lothian",26,21,"West Lothian",89,"WEST LOTHIAN",5102,13932,1425,5228,2710,452,14279,"SNP"
"200","Scotland","S12000041","Angus",55.26,44.74,"Angus","42.4","44","Angus",27,24,"Angus",89,"ANGUS",7534,3768,1486,3200,1574,237,11044,"SNP"
"201","Scotland","S12000042","Dundee City",59.78,40.22,"Dundee City","39.3","38","Dundee City",27,25,"Dundee City",88,"DUNDEE CITY",4010,9050,1248,2965,2193,241,13573,"SNP"
"202","Scotland","S12000044","North Lanarkshire",61.66,38.34,"North Lanarkshire","39","39","North Lanarkshire",33,17,"North Lanarkshire",90,"NORTH LANARKSHIRE",6037,28417,1167,7623,3665,740,21884,"Lab"
"203","Scotland","S12000045","East Dunbartonshire",71.4,28.6,"East Dunbartonshire","42.2","44","East Dunbartonshire",20,35,"East Dunbartonshire",93,"EAST DUNBARTONSHIRE",5401,7475,4500,3148,2405,157,8134,"SNP"
"204","Scotland","S12000046","Glasgow City",66.59,33.41,"Glasgow City","38","36","Glasgow City",32,26,"Glasgow City",86,NA,NA,NA,NA,NA,NA,NA,NA,NA
"205","South East","E06000035","Medway",35.92,64.08,"Medway","37.74181","37","Medway",23,19,"Medway",95,"Medway",15043,12448,2420,27265,3684,761,NA,"UKIP"
"206","South East","E06000036","Bracknell Forest",46.06,53.94,"Bracknell Forest","37.42058","37","Bracknell Forest",16,30,"Bracknell Forest",94,"Bracknell Forest",9011,4242,1736,9145,2036,288,NA,"UKIP"
"207","South East","E06000037","West Berkshire",51.78,48.22,"West Berkshire","39.43545","40","West Berkshire",17,32,"West Berkshire",97,"West Berkshire",15314,3976,4280,11706,3390,296,NA,"Con"
"208","South East","E06000038","Reading",58.03,41.97,"Reading","35.344","33","Reading",17,35,"Reading",85,"Reading",8996,12071,2836,7812,4777,333,NA,"Lab"
"209","South East","E06000039","Slough",45.67,54.33,"Slough","33.4753","32","Slough",20,26,"Slough",73,"Slough",6283,15371,946,6539,1226,376,NA,"Lab"
"210","South East","E06000040","Windsor and Maidenhead",53.9,46.1,"Windsor and Maidenhead","39.75173","40","Windsor and Maidenhead",16,38,"Windsor and Maidenhead",93,"Royal Borough of Windsor & Maidenhead",14361,4001,3047,10170,2748,234,NA,"Con"
"211","South East","E06000041","Wokingham",56.69,43.31,"Wokingham","39.35979","40","Wokingham",13,40,"Wokingham",95,"Wokingham",18016,5464,5064,11641,3848,268,NA,"Con"
"212","South East","E06000042","Milton Keynes",48.59,51.41,"Milton Keynes","36.05791","35","Milton Keynes",18,28,"Milton Keynes",90,"Milton Keynes",16538,15974,5248,18653,4716,711,NA,"UKIP"
"213","South East","E06000043","Brighton and Hove",68.62,31.38,"Brighton and Hove","37.44373","35","Brighton and Hove",16,37,"Brighton and Hove",92,NA,NA,NA,NA,NA,NA,NA,NA,NA
"214","South East","E06000044","Portsmouth",41.92,58.08,"Portsmouth","36.4946","34","Portsmouth",21,24,"Portsmouth",93,"Portsmouth",10504,8049,4827,16212,4904,491,NA,"UKIP"
"215","South East","E06000045","Southampton",46.2,53.8,"Southampton","36.11545","32","Southampton",21,25,"Southampton",88,"Southampton",11959,14580,3374,16252,5762,528,NA,"UKIP"
"216","South East","E06000046","Isle of Wight",38.05,61.95,"Isle of Wight","44.44724","46","Isle of Wight",24,23,"Isle of Wight",98,"Isle of Wight",9335,3708,1969,14533,3854,294,NA,"UKIP"
"217","South East","E07000004","Aylesbury Vale",49.5,50.5,"Aylesbury Vale","39.11852","40","Aylesbury Vale",17,32,"Aylesbury Vale",95,"Aylesbury Vale",15051,5547,4197,16870,3935,346,NA,"UKIP"
"218","South East","E07000005","Chiltern",55.02,44.98,"Chiltern","41.62361","44","Chiltern",15,41,"Chiltern",96,"Chiltern",10623,2417,2323,9304,2663,129,NA,"Con"
"219","South East","E07000006","South Bucks",49.3,50.7,"South Bucks","41.75097","43","South Bucks",17,37,"South Bucks",94,"South Bucks",7158,1588,1012,6257,987,99,NA,"Con"
"220","South East","E07000007","Wycombe",51.97,48.03,"Wycombe","38.8716","39","Wycombe",17,34,"Wycombe",92,"Wycombe",14807,5827,2831,12460,3392,242,NA,"Con"
"221","South East","E07000061","Eastbourne",42.67,57.33,"Eastbourne","42.83426","43","Eastbourne",23,24,"Eastbourne",94,"Eastbourne",7007,2522,4073,9516,1721,145,NA,"UKIP"
"222","South East","E07000062","Hastings",45.12,54.88,"Hastings","40.22524","41","Hastings",25,21,"Hastings",96,"Hastings",4794,6427,1018,6974,2127,202,NA,"UKIP"
"223","South East","E07000063","Lewes",52.07,47.93,"Lewes","43.7352","45","Lewes",21,29,"Lewes",97,"Lewes",7201,3651,3824,9459,3723,115,NA,"UKIP"
"224","South East","E07000064","Rother",41.47,58.53,"Rother","47.16723","50","Rother",25,25,"Rother",98,"Rother",8500,2914,1678,10574,2057,146,NA,"UKIP"
"225","South East","E07000065","Wealden",45.5,54.5,"Wealden","43.98471","46","Wealden",20,29,"Wealden",98,"Wealden",15000,3668,3101,16608,4042,238,NA,"UKIP"
"226","South East","E07000084","Basingstoke and Deane",48.1,51.9,"Basingstoke and Deane","38.68223","39","Basingstoke and Deane",17,30,"Basingstoke and Deane",95,"Basingstoke and Deane",15702,7117,3782,13969,3741,408,NA,"Con"
"227","South East","E07000085","East Hampshire",50.52,49.48,"East Hampshire","42.02593","44","East Hampshire",17,34,"East Hampshire",97,"East Hampshire",12625,2542,2843,9623,2921,163,NA,"Con"
"228","South East","E07000086","Eastleigh",47.55,52.45,"Eastleigh","40.10923","41","Eastleigh",18,28,"Eastleigh",97,"Eastleigh",9051,3654,7432,13077,2464,238,NA,"UKIP"
"229","South East","E07000087","Fareham",44.9,55.1,"Fareham","42.57809","44","Fareham",18,30,"Fareham",98,"Fareham",12415,3003,3093,11811,2579,230,NA,"Con"
"230","South East","E07000088","Gosport",36.14,63.86,"Gosport","39.76149","40","Gosport",22,21,"Gosport",98,"Gosport",6567,2479,1296,7797,1341,225,NA,"UKIP"
"231","South East","E07000089","Hart",52.4,47.6,"Hart","40.00172","41","Hart",14,37,"Hart",97,"Hart",11313,2005,2774,7433,2091,161,NA,"Con"
"232","South East","E07000090","Havant",37.64,62.36,"Havant","42.27235","44","Havant",25,22,"Havant",99,"Havant",9476,3297,1903,11852,2464,317,NA,"UKIP"
"233","South East","E07000091","New Forest",42.24,57.76,"New Forest","45.20522","47","New Forest",21,27,"New Forest",98,"New Forest",17606,4040,3516,18867,4146,296,NA,"UKIP"
"234","South East","E07000092","Rushmoor",41.79,58.21,"Rushmoor","36.62632","36","Rushmoor",19,25,"Rushmoor",89,"Rushmoor",6435,3636,1491,7712,1661,285,NA,"UKIP"
"235","South East","E07000093","Test Valley",48.06,51.94,"Test Valley","41.39841","43","Test Valley",18,31,"Test Valley",97,"Test Valley",12511,2999,3095,11265,2919,217,NA,"Con"
"236","South East","E07000094","Winchester",58.93,41.07,"Winchester","40.93251","42","Winchester",15,41,"Winchester",97,"Winchester City",14672,3291,6648,9062,4466,193,NA,"Con"
"237","South East","E07000105","Ashford",40.57,59.43,"Ashford","39.58897","40","Ashford",21,25,"Ashford",95,"Ashford",9492,3900,1745,12212,2373,246,NA,"UKIP"
"238","South East","E07000106","Canterbury",48.96,51.04,"Canterbury","40.00412","39","Canterbury",20,27,"Canterbury",95,"Canterbury",10068,6012,3031,13459,4794,232,NA,"UKIP"
"239","South East","E07000107","Dartford",35.78,64.22,"Dartford","37.8461","37","Dartford",21,22,"Dartford",94,"Dartford",6366,5323,766,10758,1276,307,NA,"UKIP"
"240","South East","E07000108","Dover",37.85,62.15,"Dover","42.14824","44","Dover",25,22,"Dover",97,"Dover",8115,6648,1511,13009,2128,254,NA,"UKIP"
"241","South East","E07000109","Gravesham",34.62,65.38,"Gravesham","38.72942","39","Gravesham",24,20,"Gravesham",91,"Gravesham",6097,5816,688,10806,1217,219,NA,"UKIP"
"242","South East","E07000110","Maidstone",41.25,58.75,"Maidstone","40.13681","41","Maidstone",21,26,"Maidstone",95,"Maidstone",12450,4612,4846,15977,2876,348,NA,"UKIP"
"243","South East","E07000111","Sevenoaks",45.62,54.38,"Sevenoaks","41.37833","43","Sevenoaks",19,32,"Sevenoaks",97,"Sevenoaks",11182,3349,1993,11873,2220,205,NA,"UKIP"
"244","South East","E07000112","Shepway",37.75,62.25,"Shepway","42.36877","43","Shepway",25,22,"Shepway",95,"Shepway",8122,3049,1507,13128,2790,262,NA,"UKIP"
"245","South East","E07000113","Swale",37.54,62.46,"Swale","39.60567","40","Swale",27,19,"Swale",97,"Swale",8236,5162,1314,14125,2080,321,NA,"UKIP"
"246","South East","E07000114","Thanet",36.15,63.85,"Thanet","41.93821","43","Thanet",28,20,"Thanet",95,"Thanet",8016,6008,1170,16492,2304,264,NA,"UKIP"
"247","South East","E07000115","Tonbridge and Malling",44.3,55.7,"Tonbridge and Malling","39.79988","41","Tonbridge and Malling",20,27,"Tonbridge and Malling",98,"Tonbridge and Malling",10940,3660,1995,11360,2240,193,NA,"UKIP"
"248","South East","E07000116","Tunbridge Wells",54.89,45.11,"Tunbridge Wells","39.64666","40","Tunbridge Wells",17,35,"Tunbridge Wells",96,"Tunbridge Wells",11734,3440,2774,9567,2699,193,NA,"Con"
"249","South East","E07000177","Cherwell",49.69,50.31,"Cherwell","38.90646","39","Cherwell",20,28,"Cherwell",94,"Cherwell",12339,6584,2775,10996,3340,338,NA,"Con"
"250","South East","E07000178","Oxford",70.27,29.73,"Oxford","34.3159","29","Oxford",14,43,"Oxford",84,"Oxford",5997,13015,5332,4979,8337,220,NA,"Lab"
"251","South East","E07000179","South Oxfordshire",54.98,45.02,"South Oxfordshire","40.90732","42","South Oxfordshire",16,37,"South Oxfordshire",97,"South Oxfordshire",12553,4253,3258,9674,3932,242,NA,"Con"
"252","South East","E07000180","Vale of White Horse",56.7,43.3,"Vale of White Horse","40.77874","41","Vale of White Horse",17,37,"Vale of White Horse",96,NA,NA,NA,NA,NA,NA,NA,NA,NA
"253","South East","E07000181","West Oxfordshire",53.66,46.34,"West Oxfordshire","41.10196","42","West Oxfordshire",18,33,"West Oxfordshire",97,"West Oxfordshire",11851,3925,2245,7692,3295,194,NA,"Con"
"254","South East","E07000207","Elmbridge",59.53,40.47,"Elmbridge","39.76144","40","Elmbridge",13,44,"Elmbridge",93,"Elmbridge",15705,3762,3312,8966,2934,173,NA,"Con"
"255","South East","E07000208","Epsom and Ewell",52.08,47.92,"Epsom and Ewell","39.95808","40","Epsom and Ewell",16,36,"Epsom and Ewell",93,NA,NA,NA,NA,NA,NA,NA,NA,NA
"256","South East","E07000209","Guildford",56.17,43.83,"Guildford","38.99435","38","Guildford",14,40,"Guildford",93,"Guildford",14605,4004,4568,9926,3616,222,NA,"Con"
"257","South East","E07000210","Mole Valley",53.08,46.92,"Mole Valley","42.69614","44","Mole Valley",16,38,"Mole Valley",97,"Mole Valley",11164,2163,3863,8126,2576,164,NA,"Con"
"258","South East","E07000211","Reigate and Banstead",49.51,50.49,"Reigate and Banstead","39.87151","40","Reigate and Banstead",17,34,"Reigate and Banstead",95,"Reigate and Banstead",13548,4015,2789,11686,3840,322,NA,"Con"
"259","South East","E07000212","Runnymede",45.74,54.26,"Runnymede","39.65069","39","Runnymede",18,30,"Runnymede",92,"Runnymede",6909,2706,1075,6884,1632,189,NA,"Con"
"260","South East","E07000213","Spelthorne",39.7,60.3,"Spelthorne","40.44336","41","Spelthorne",20,26,"Spelthorne",94,"Spelthorne",7198,3642,1451,10171,1540,208,NA,"UKIP"
"261","South East","E07000214","Surrey Heath",49.02,50.98,"Surrey Heath","40.18877","41","Surrey Heath",15,34,"Surrey Heath",95,"Surrey Heath",8422,2060,1539,7007,1343,118,NA,"Con"
"262","South East","E07000215","Tandridge",47.16,52.84,"Tandridge","41.28989","43","Tandridge",17,33,"Tandridge",97,"Tandridge",9453,1993,2135,8560,1685,161,NA,"Con"
"263","South East","E07000216","Waverley",58.39,41.61,"Waverley","41.48431","42","Waverley",15,40,"Waverley",97,"Waverley",14054,2859,3245,9027,3620,162,NA,"Con"
"264","South East","E07000217","Woking",56.15,43.85,"Woking","38.67279","38","Woking",15,38,"Woking",90,"Woking Borough",10420,3631,3227,6784,2044,194,NA,"Con"
"265","South East","E07000223","Adur",45.43,54.57,"Adur","43.01169","44","Adur",26,22,"Adur",98,"Adur",5137,2673,1174,6546,1441,118,NA,"UKIP"
"266","South East","E07000224","Arun",37.52,62.48,"Arun","45.4579","47","Arun",25,23,"Arun",95,"Arun",12824,3972,2204,17913,2872,281,NA,"UKIP"
"267","South East","E07000225","Chichester",49.08,50.92,"Chichester","44.53028","46","Chichester",20,32,"Chichester",97,"Chichester",12253,2769,2383,10622,3291,170,NA,"Con"
"268","South East","E07000226","Crawley",41.59,58.41,"Crawley","36.83262","35","Crawley",20,22,"Crawley",87,"Crawley",6813,7706,984,8812,1386,307,NA,"UKIP"
"269","South East","E07000227","Horsham",51.46,48.54,"Horsham","42.11881","44","Horsham",16,33,"Horsham",97,"Horsham",13298,3275,3335,12488,3352,196,NA,"Con"
"270","South East","E07000228","Mid Sussex",53.09,46.91,"Mid Sussex","40.98905","42","Mid Sussex",15,34,"Mid Sussex",97,"Mid Sussex",13270,3833,3240,11935,3584,160,NA,"Con"
"271","South East","E07000229","Worthing",47.01,52.99,"Worthing","42.15222","42","Worthing",21,26,"Worthing",96,"Worthing",8046,3148,2368,10188,2873,158,NA,"UKIP"
"272","South West","E06000022","Bath and North East Somerset",57.85,42.15,"Bath and North East Somerset","40.31044","40","Bath and North East Somerset",17,33,"Bath and North East Somerset",96,"Bath & North East Somerset",13751,7591,7106,12513,8210,282,NA,"Con"
"273","South West","E06000023","Bristol, City of",61.73,38.27,"Bristol, City of","36.45731","33","Bristol, City of",20,33,"Bristol, City of",91,NA,NA,NA,NA,NA,NA,NA,NA,NA
"274","South West","E06000024","North Somerset",47.83,52.17,"North Somerset","42.61695","44","North Somerset",20,28,"North Somerset",98,"North Somerset",17694,6904,5478,18680,6135,434,NA,"UKIP"
"275","South West","E06000025","South Gloucestershire",47.32,52.68,"South Gloucestershire","39.81716","40","South Gloucestershire",19,27,"South Gloucestershire",97,"South Gloucestershire",20043,11827,8162,24847,5811,645,NA,"UKIP"
"276","South West","E06000026","Plymouth",40.06,59.94,"Plymouth","38.96015","38","Plymouth",22,21,"Plymouth",96,"Plymouth",15839,15628,2941,24913,5159,795,NA,"UKIP"
"277","South West","E06000027","Torbay",36.84,63.16,"Torbay","44.17619","46","Torbay",26,21,"Torbay",98,"Torbay",8804,3176,3647,14666,2457,271,NA,"UKIP"
"278","South West","E06000028","Bournemouth",45.12,54.88,"Bournemouth","39.98042","38","Bournemouth",19,26,"Bournemouth",91,"Bournemouth",11334,4841,2744,14926,4112,401,NA,"UKIP"
"279","South West","E06000029","Poole",41.83,58.17,"Poole","42.11806","42","Poole",21,26,"Poole",96,"Poole",10922,3735,3862,14324,2971,285,NA,"UKIP"
"280","South West","E06000030","Swindon",45.34,54.66,"Swindon","38.06019","38","Swindon",21,23,"Swindon",93,"Swindon",14849,13729,3608,17021,4043,503,NA,"UKIP"
"281","South West","E06000052","Cornwall",43.48,56.52,NA,NA,NA,NA,NA,NA,NA,NA,"Cornwall",37698,16122,17840,53943,16398,1106,NA,"UKIP"
"282","South West","E06000053","Isles of Scilly",56.39,43.61,NA,NA,NA,NA,NA,NA,NA,NA,"Isles of Scilly",137,56,78,150,87,3,NA,"UKIP"
"283","South West","E06000054","Wiltshire",47.51,52.49,"Wiltshire","40.80416","42","Wiltshire",19,29,"Wiltshire",97,"Wiltshire",46306,12961,13260,40951,12769,869,NA,"Con"
"284","South West","E07000040","East Devon",45.89,54.11,"East Devon","46.85387","49","East Devon",21,29,"East Devon",99,"East Devon",13647,3623,3085,14475,4974,213,NA,"UKIP"
"285","South West","E07000041","Exeter",55.28,44.72,"Exeter","38.12102","35","Exeter",18,29,"Exeter",93,"Exeter",7587,9608,2760,8801,5244,209,NA,"Lab"
"286","South West","E07000042","Mid Devon",46.66,53.34,"Mid Devon","42.32952","44","Mid Devon",23,26,"Mid Devon",98,"Mid Devon",7213,2190,1996,7175,2836,157,NA,"Con"
"287","South West","E07000043","North Devon",42.96,57.04,"North Devon","43.33698","45","North Devon",24,23,"North Devon",98,"North Devon",7434,2091,4000,9912,2922,178,NA,"UKIP"
"288","South West","E07000044","South Hams",52.85,47.15,"South Hams","45.33772","48","South Hams",17,34,"South Hams",99,"South Hams",9645,2555,2252,8058,4822,120,NA,"Con"
"289","South West","E07000045","Teignbridge",46.1,53.9,"Teignbridge","44.55843","47","Teignbridge",22,28,"Teignbridge",99,"Teignbridge",11912,3674,4497,13358,4659,281,NA,"UKIP"
"290","South West","E07000046","Torridge",39.17,60.83,"Torridge","44.59161","47","Torridge",25,22,"Torridge",99,"Torridge",5706,1669,1596,8011,2233,132,NA,"UKIP"
"291","South West","E07000047","West Devon",46.8,53.2,"West Devon","44.58015","47","West Devon",20,30,"West Devon",99,"West Devon",6019,1527,1570,6172,2277,112,NA,"UKIP"
"292","South West","E07000048","Christchurch",41.17,58.83,"Christchurch","47.13979","49","Christchurch",23,25,"Christchurch",98,"Christchurch",5151,1216,804,6068,1086,95,NA,"UKIP"
"293","South West","E07000049","East Dorset",42.38,57.62,"East Dorset","46.91669","49","East Dorset",22,28,"East Dorset",99,"East Dorset",10281,1700,2487,10676,1772,155,NA,"UKIP"
"294","South West","E07000050","North Dorset",43.6,56.4,"North Dorset","42.79874","44","North Dorset",20,27,"North Dorset",98,"North Dorset",7398,1384,1918,7362,2020,116,NA,"Con"
"295","South West","E07000051","Purbeck",40.93,59.07,"Purbeck","44.86952","47","Purbeck",22,26,"Purbeck",99,"Purbeck District Council",4770,1284,1767,4959,1258,89,NA,"UKIP"
"296","South West","E07000052","West Dorset",48.97,51.03,"West Dorset","46.18967","49","West Dorset",20,31,"West Dorset",99,"West Dorset",11028,3061,3767,9752,4091,162,NA,"Con"
"297","South West","E07000053","Weymouth and Portland",38.96,61.04,"Weymouth and Portland","42.82866","44","Weymouth and Portland",23,22,"Weymouth and Portland",98,"Weymouth & Portland",4563,3500,1392,6047,1677,148,NA,"UKIP"
"298","South West","E07000078","Cheltenham",56.17,43.83,"Cheltenham","39.50158","38","Cheltenham",17,36,"Cheltenham",95,"Cheltenham",10123,3097,7161,8231,3558,194,NA,"Con"
"299","South West","E07000079","Cotswold",51.1,48.9,"Cotswold","44.15487","46","Cotswold",18,34,"Cotswold",98,"Cotswold",10863,2243,3063,6865,2254,151,NA,"Con"
"300","South West","E07000080","Forest of Dean",41.42,58.58,"Forest of Dean","42.95749","45","Forest of Dean",25,24,"Forest of Dean",99,"Forest of Dean",6497,4268,1238,8359,2588,172,NA,"UKIP"
"301","South West","E07000081","Gloucester",41.5,58.5,"Gloucester","38.21905","38","Gloucester",22,22,"Gloucester",94,"Gloucester",8715,6899,2329,10173,2099,282,NA,"UKIP"
"302","South West","E07000082","Stroud",54.61,45.39,"Stroud","42.29323","44","Stroud",18,33,"Stroud",98,"Stroud",11451,7071,2488,9348,6528,272,NA,"Con"
"303","South West","E07000083","Tewkesbury",46.75,53.25,"Tewkesbury","42.36333","44","Tewkesbury",19,30,"Tewkesbury",98,"Tewkesbury",8257,2436,2287,7165,1953,147,NA,"Con"
"304","South West","E07000187","Mendip",51.07,48.93,"Mendip","41.90598","43","Mendip",21,28,"Mendip",98,"Mendip",9484,2849,4867,8995,4656,173,NA,"Con"
"305","South West","E07000188","Sedgemoor",38.8,61.2,"Sedgemoor","42.40666","44","Sedgemoor",25,22,"Sedgemoor",98,"Sedgemoor",8639,3362,2910,11216,2400,272,NA,"UKIP"
"306","South West","E07000189","South Somerset",42.75,57.25,"South Somerset","42.92674","44","South Somerset",22,25,"South Somerset",97,"South Somerset",14526,3321,9736,16786,4156,294,NA,"UKIP"
"307","South West","E07000190","Taunton Deane",47.08,52.92,"Taunton Deane","41.81132","43","Taunton Deane",21,28,"Taunton Deane",97,"Taunton Deane",8843,2764,4712,9386,3134,190,NA,"UKIP"
"308","South West","E07000191","West Somerset",39.41,60.59,"West Somerset","47.68761","51","West Somerset",25,25,"West Somerset",98,"West Somerset",3681,986,930,3910,1098,69,NA,"UKIP"
"309","South West","GI","Gibraltar",95.91,4.09,NA,NA,NA,NA,NA,NA,NA,NA,"Gibraltar Parliament",1236,659,4822,290,84,42,NA,"LD"
"310","Wales","W06000001","Isle of Anglesey",49.06,50.94,"Isle of Anglesey","43.35609","45","Isle of Anglesey",24,26,"Isle of Anglesey",99,"Isle of Anglesey - Ynys Mon",2715,3055,304,5201,496,151,NA,"UKIP"
"311","Wales","W06000002","Gwynedd",58.05,41.95,"Gwynedd","41.62077","42","Gwynedd",23,26,"Gwynedd",97,"Gwynedd",3547,4393,681,5780,1412,192,NA,"UKIP"
"312","Wales","W06000003","Conwy",46.02,53.98,"Conwy","44.55259","46","Conwy",26,25,"Conwy",98,"Conwy",7261,5011,883,8617,1059,244,NA,"UKIP"
"313","Wales","W06000004","Denbighshire",46,54,"Denbighshire","42.39442","44","Denbighshire",25,24,"Denbighshire",98,"Denbighshire",5987,5587,675,6563,835,219,NA,"UKIP"
"314","Wales","W06000005","Flintshire",43.63,56.37,"Flintshire","40.56977","41","Flintshire",24,22,"Flintshire",98,"Flintshire",7538,10121,1192,11800,1287,411,NA,"UKIP"
"315","Wales","W06000006","Wrexham",40.96,59.04,"Wrexham","39.81771","40","Wrexham",27,23,"Wrexham",96,"Wrexham",5451,8058,1129,9569,1111,394,NA,"UKIP"
"316","Wales","W06000008","Ceredigion",54.63,45.37,"Ceredigion","41.68211","42","Ceredigion",20,28,"Ceredigion",97,"Ceredigion",2698,2110,2332,4138,1646,126,NA,"UKIP"
"317","Wales","W06000009","Pembrokeshire",42.86,57.14,"Pembrokeshire","42.88223","45","Pembrokeshire",25,25,"Pembrokeshire",99,"Pembrokeshire",9250,6808,879,8965,1444,279,NA,"Con"
"318","Wales","W06000010","Carmarthenshire",46.25,53.75,"Carmarthenshire","42.29487","44","Carmarthenshire",27,24,"Carmarthenshire",98,"Carmarthenshire",6686,11793,955,12459,1889,423,NA,"UKIP"
"319","Wales","W06000011","Swansea",48.49,51.51,"Swansea","40.09602","39","Swansea",24,26,"Swansea",96,"Swansea",8750,18109,2194,15305,2836,603,NA,"Lab"
"320","Wales","W06000012","Neath Port Talbot",43.16,56.84,"Neath Port Talbot","41.3451","42","Neath Port Talbot",31,19,"Neath Port Talbot",99,"Neath & Port Talbot",2990,14531,651,9224,1114,519,NA,"Lab"
"321","Wales","W06000013","Bridgend",45.36,54.64,"Bridgend","40.68024","41","Bridgend",28,23,"Bridgend",98,"Bridgend",4612,10949,864,8726,1082,380,NA,"Lab"
"322","Wales","W06000014","Vale of Glamorgan",50.73,49.27,"The Vale of Glamorgan","40.9215","42","The Vale of Glamorgan",20,30,"The Vale of Glamorgan",98,"Vale Of Glamorgan",9190,7926,1106,9577,1734,254,NA,"UKIP"
"323","Wales","W06000015","Cardiff",60.02,39.98,"Cardiff","36.52111","33","Cardiff",21,32,"Cardiff",92,"Cardiff",15297,24999,5454,18370,5939,652,NA,"Lab"
"324","Wales","W06000016","Rhondda Cynon Taf",46.3,53.7,"Rhondda Cynon Taf","39.78318","40","Rhondda Cynon Taf",32,20,"Rhondda Cynon Taf",99,"Rhondda Cynon Taff",3890,19579,1050,13471,1658,669,NA,"Lab"
"325","Wales","W06000018","Caerphilly",42.37,57.63,"Caerphilly","39.54924","40","Caerphilly",31,19,"Caerphilly",99,"Caerphilly",3434,14253,671,11809,1281,568,NA,"Lab"
"326","Wales","W06000019","Blaenau Gwent",37.97,62.03,"Blaenau Gwent","40.46065","41","Blaenau Gwent",36,15,"Blaenau Gwent",99,"Blaenau Gwent",883,6621,191,4300,331,298,NA,"Lab"
"327","Wales","W06000020","Torfaen",40.22,59.78,"Torfaen","40.44772","41","Torfaen",29,20,"Torfaen",99,"Torfaen",2799,7183,514,6569,711,282,NA,"Lab"
"328","Wales","W06000021","Monmouthshire",50.44,49.56,"Monmouthshire","43.007","45","Monmouthshire",21,33,"Monmouthshire",99,"Monmouthshire",7969,4746,1036,6757,1490,167,NA,"Con"
"329","Wales","W06000022","Newport",44.01,55.99,"Newport","38.7871","38","Newport",27,23,"Newport",95,"Newport",5804,10648,1061,10376,1221,352,NA,"Lab"
"330","Wales","W06000023","Powys",46.26,53.74,"Powys","43.93772","46","Powys",25,26,"Powys",98,"Powys",10158,5221,4865,10412,2389,297,NA,"UKIP"
"331","Wales","W06000024","Merthyr Tydfil",43.56,56.44,"Merthyr Tydfil","39.70132","40","Merthyr Tydfil",34,18,"Merthyr Tydfil",97,"Merthyr Tydfil",833,4631,243,3995,310,175,NA,"Lab"
"332","West Midlands","E06000019","Herefordshire, County of",40.78,59.22,"Herefordshire, County of","42.97913","44","Herefordshire, County of",23,27,"Herefordshire, County of",96,NA,NA,NA,NA,NA,NA,NA,NA,NA
"333","West Midlands","E06000020","Telford and Wrekin",36.78,63.22,"Telford and Wrekin","38.06539","38","Telford and Wrekin",25,21,"Telford and Wrekin",96,NA,NA,NA,NA,NA,NA,NA,NA,NA
"334","West Midlands","E06000021","Stoke-on-Trent",30.64,69.36,"Stoke-on-Trent","38.45328","38","Stoke-on-Trent",34,15,"Stoke-on-Trent",94,"Stoke-on-Trent",6347,12765,1191,17165,1714,1383,NA,"UKIP"
"335","West Midlands","E06000051","Shropshire",43.13,56.87,"Shropshire","42.56096","44","Shropshire",23,27,"Shropshire",98,"Shropshire",24920,11185,6697,25759,5546,828,NA,"UKIP"
"336","West Midlands","E07000192","Cannock Chase",31.14,68.86,"Cannock Chase","39.57322","40","Cannock Chase",28,17,"Cannock Chase",99,"Cannock Chase",4609,5766,710,8448,609,473,NA,"UKIP"
"337","West Midlands","E07000193","East Staffordshire",36.79,63.21,"East Staffordshire","39.81817","40","East Staffordshire",25,23,"East Staffordshire",94,"East Staffordshire",8169,6305,1040,9402,1011,422,NA,"UKIP"
"338","West Midlands","E07000194","Lichfield",41.19,58.81,"Lichfield","42.23426","44","Lichfield",22,28,"Lichfield",99,"Lichfield",8182,4153,1265,8975,1032,218,NA,"UKIP"
"339","West Midlands","E07000195","Newcastle-under-Lyme",36.96,63.04,"Newcastle-under-Lyme","40.83402","41","Newcastle-under-Lyme",27,22,"Newcastle-under-Lyme",97,"Newcastle-under-Lyme",6797,8108,1408,11032,1608,567,NA,"UKIP"
"340","West Midlands","E07000196","South Staffordshire",35.15,64.85,"South Staffordshire","43.16998","45","South Staffordshire",24,25,"South Staffordshire",99,"South Staffordshire",8990,3640,701,11076,884,348,NA,"UKIP"
"341","West Midlands","E07000197","Stafford",44.01,55.99,"Stafford","41.81782","43","Stafford",20,30,"Stafford",97,"Stafford",10032,6418,1436,10585,1843,259,NA,"UKIP"
"342","West Midlands","E07000198","Staffordshire Moorlands",35.27,64.73,"Staffordshire Moorlands","43.39872","45","Staffordshire Moorlands",27,24,"Staffordshire Moorlands",99,"Staffordshire Moorlands",6795,4283,1203,8567,1048,340,NA,"UKIP"
"343","West Midlands","E07000199","Tamworth",32.53,67.47,"Tamworth","38.55616","39","Tamworth",27,17,"Tamworth",98,"Tamworth",5142,4534,485,6574,669,302,NA,"UKIP"
"344","West Midlands","E07000218","North Warwickshire",33.12,66.88,"North Warwickshire","41.67654","43","North Warwickshire",28,20,"North Warwickshire",99,"North Warwickshire",4169,3711,406,6508,694,263,NA,"UKIP"
"345","West Midlands","E07000219","Nuneaton and Bedworth",33.99,66.01,"Nuneaton and Bedworth","39.70523","40","Nuneaton and Bedworth",28,19,"Nuneaton and Bedworth",96,"Nuneaton & Bedworth",6874,9503,687,10289,1506,647,NA,"UKIP"
"346","West Midlands","E07000220","Rugby",43.3,56.7,"Rugby","39.99012","40","Rugby",20,28,"Rugby",93,"Rugby",8583,5972,2089,8300,1577,356,NA,"Con"
"347","West Midlands","E07000221","Stratford-on-Avon",48.44,51.56,"Stratford-on-Avon","43.81755","46","Stratford-on-Avon",19,33,"Stratford-on-Avon",97,"Stratford on Avon",14593,4097,4250,11417,2154,288,NA,"Con"
"348","West Midlands","E07000222","Warwick",58.78,41.22,"Warwick","39.74561","39","Warwick",16,38,"Warwick",94,"Warwick",12005,8189,3444,8619,3498,312,NA,"Con"
"349","West Midlands","E07000234","Bromsgrove",44.63,55.37,"Bromsgrove","42.64558","44","Bromsgrove",21,31,"Bromsgrove",99,"Bromsgrove",8629,4150,1146,9264,1340,302,NA,"UKIP"
"350","West Midlands","E07000235","Malvern Hills",47.84,52.16,"Malvern Hills","44.92018","47","Malvern Hills",20,34,"Malvern Hills",98,"Malvern Hills",7508,2248,2317,6944,1974,185,NA,"Con"
"351","West Midlands","E07000236","Redditch",37.71,62.29,"Redditch","38.56132","38","Redditch",25,21,"Redditch",95,"Redditch",5264,5365,754,7722,858,264,NA,"UKIP"
"352","West Midlands","E07000237","Worcester",46.32,53.68,"Worcester","38.31818","37","Worcester",21,28,"Worcester",95,"Worcester",7185,6651,1327,7715,2224,342,NA,"UKIP"
"353","West Midlands","E07000238","Wychavon",42.14,57.86,"Wychavon","43.50948","45","Wychavon",22,29,"Wychavon",97,"Wychavon",12721,3605,2501,12114,1681,336,NA,"Con"
"354","West Midlands","E07000239","Wyre Forest",36.85,63.15,"Wyre Forest","42.69188","44","Wyre Forest",28,22,"Wyre Forest",98,"Wyre Forest",7740,5015,1221,10097,1436,363,NA,"UKIP"
"355","West Midlands","E08000025","Birmingham",49.58,50.42,"Birmingham","35.28922","32","Birmingham",28,23,"Birmingham",85,"Birmingham",39329,93740,19853,52063,12753,3177,NA,"Lab"
"356","West Midlands","E08000026","Coventry",44.4,55.6,"Coventry","36.84813","34","Coventry",24,23,"Coventry",86,"Coventry",12306,26259,2377,18319,4252,1261,NA,"Lab"
"357","West Midlands","E08000027","Dudley",32.4,67.6,"Dudley","40.49379","41","Dudley",30,19,"Dudley",97,"Dudley",18402,21513,1821,31891,3620,1498,NA,"UKIP"
"358","West Midlands","E08000028","Sandwell",33.28,66.72,"Sandwell","37.44231","36","Sandwell",35,15,"Sandwell",88,"Sandwell",8084,30991,1317,20776,2234,1480,NA,"Lab"
"359","West Midlands","E08000029","Solihull",43.84,56.16,"Solihull","41.26337","42","Solihull",23,29,"Solihull",97,"Solihull",16823,7231,4863,17590,3734,757,NA,"UKIP"
"360","West Midlands","E08000030","Walsall",32.14,67.86,"Walsall","38.80546","39","Walsall",34,17,"Walsall",93,"Walsall",14103,20372,1868,22037,1859,1479,NA,"UKIP"
"361","West Midlands","E08000031","Wolverhampton",37.43,62.57,"Wolverhampton","38.51515","37","Wolverhampton",31,20,"Wolverhampton",89,"Wolverhampton",10000,21638,1569,17895,1998,1138,NA,"Lab"
"362","Yorkshire and The Humber","E06000010","Kingston upon Hull, City of",32.38,67.62,"Kingston upon Hull, City of","37.47216","36","Kingston upon Hull, City of",32,15,"Kingston upon Hull, City of",94,NA,NA,NA,NA,NA,NA,NA,NA,NA
"363","Yorkshire and The Humber","E06000011","East Riding of Yorkshire",39.6,60.4,"East Riding of Yorkshire","43.48781","45","East Riding of Yorkshire",23,26,"East Riding of Yorkshire",98,"East Riding of Yorkshire",24541,12930,4958,32084,5691,879,NA,"UKIP"
"364","Yorkshire and The Humber","E06000012","North East Lincolnshire",30.13,69.87,"North East Lincolnshire","40.19397","41","North East Lincolnshire",30,16,"North East Lincolnshire",98,"North East Lincolnshire",7473,8027,1587,14488,1702,459,NA,"UKIP"
"365","Yorkshire and The Humber","E06000013","North Lincolnshire",33.7,66.3,"North Lincolnshire","40.7993","42","North Lincolnshire",26,20,"North Lincolnshire",96,"North Lincolnshire",9759,8702,1124,13421,1981,679,NA,"UKIP"
"366","Yorkshire and The Humber","E06000014","York",58.04,41.96,"York","39.5221","38","York",18,32,"York",95,"York",10953,10645,4924,11294,7456,349,NA,"UKIP"
"367","Yorkshire and The Humber","E07000163","Craven",47.17,52.83,"Craven","44.49057","47","Craven",20,32,"Craven",98,"Craven",5591,2526,1140,4862,1825,194,NA,"Con"
"368","Yorkshire and The Humber","E07000164","Hambleton",46.34,53.66,"Hambleton","43.49638","46","Hambleton",20,32,"Hambleton",99,"Hambleton",9618,3012,1423,7193,1987,206,NA,"Con"
"369","Yorkshire and The Humber","E07000165","Harrogate",50.97,49.03,"Harrogate","42.00736","43","Harrogate",17,34,"Harrogate",97,"Harrogate",15611,4246,6002,13074,3586,272,NA,"Con"
"370","Yorkshire and The Humber","E07000166","Richmondshire",43.22,56.78,"Richmondshire","39.98029","40","Richmondshire",19,27,"Richmondshire",97,"Richmondshire",4301,1302,685,3706,1020,97,NA,"Con"
"371","Yorkshire and The Humber","E07000167","Ryedale",44.74,55.26,"Ryedale","44.62955","47","Ryedale",24,27,"Ryedale",98,"Ryedale",4914,1558,1125,4184,1339,115,NA,"Con"
"372","Yorkshire and The Humber","E07000168","Scarborough",38.01,61.99,"Scarborough","44.2117","46","Scarborough",26,23,"Scarborough",98,"Scarborough",7012,4686,1099,9596,2228,295,NA,"UKIP"
"373","Yorkshire and The Humber","E07000169","Selby",40.83,59.17,"Selby","40.88615","42","Selby",21,26,"Selby",98,"Selby",6563,4170,783,7156,1203,282,NA,"UKIP"
"374","Yorkshire and The Humber","E08000016","Barnsley",31.69,68.31,"Barnsley","40.3647","41","Barnsley",32,17,"Barnsley",98,"Barnsley",5729,19455,1142,19026,2695,1359,NA,"Lab"
"375","Yorkshire and The Humber","E08000017","Doncaster",31.04,68.96,"Doncaster","39.80119","40","Doncaster",30,17,"Doncaster",96,"Doncaster",9747,23743,1869,24240,2722,1431,NA,"UKIP"
"376","Yorkshire and The Humber","E08000018","Rotherham",32.11,67.89,"Rotherham","40.19384","41","Rotherham",30,17,"Rotherham",97,"Rotherham",7472,23299,1343,27949,2826,1799,NA,"UKIP"
"377","Yorkshire and The Humber","E08000019","Sheffield",49.01,50.99,"Sheffield","37.87233","36","Sheffield",24,26,"Sheffield",92,"Sheffield",15329,47571,14299,39139,17288,2214,NA,"Lab"
"378","Yorkshire and The Humber","E08000032","Bradford",45.77,54.23,"Bradford","36.20382","34","Bradford",28,22,"Bradford",85,"Bradford",21267,50806,8982,31915,8793,1840,NA,"Lab"
"379","Yorkshire and The Humber","E08000033","Calderdale",44.32,55.68,"Calderdale","39.61693","40","Calderdale",24,25,"Calderdale",95,"Calderdale",11894,14319,3292,14960,4335,895,NA,"UKIP"
"380","Yorkshire and The Humber","E08000034","Kirklees",45.33,54.67,"Kirklees","38.41693","38","Kirklees",25,24,"Kirklees",91,"Kirklees",21097,37113,5849,29576,9301,1903,NA,"Lab"
"381","Yorkshire and The Humber","E08000035","Leeds",50.31,49.69,"Leeds","37.64933","35","Leeds",23,27,"Leeds",93,"Leeds",34626,60483,11756,50627,17231,2494,NA,"Lab"
"382","Yorkshire and The Humber","E08000036","Wakefield",33.64,66.36,"Wakefield","40.22705","41","Wakefield",31,18,"Wakefield",96,"Wakefield",11352,25789,1843,27366,3802,1608,NA,"UKIP"
